id,from,to,distance,speed_limit,is_oneway
E01,G1,PAR1,120,20,false
E02,G1,ADM,220,25,false
E03,PAR1,ADM,200,20,false
E04,PAR1,MED,140,20,false
E05,ADM,LIB,250,25,false
E06,ADM,LHC,180,15,false
E07,LIB,CS,230,25,false
E08,LIB,BT,170,15,false
E09,CS,EE,190,25,false
E10,CS,G3,340,30,false
E11,EE,G3,180,25,false
E12,EE,ME,160,25,false
E13,ME,SPO,160,20,false
E14,ME,CE,180,20,false
E15,CE,BT,220,15,false
E16,CE,STD,160,20,false
E17,BT,LHC,220,15,false
E18,BT,CAF1,160,15,false
E19,MED,LHC,280,20,false
E20,MED,AUD,160,20,false
E21,LHC,AUD,180,15,false
E22,LHC,SAC,220,15,false
E23,AUD,OAT,130,15,false
E24,OAT,SAC,100,15,false
E25,OAT,CAF2,110,15,false
E26,SAC,CAF1,200,15,false
E27,SAC,H4,180,15,false
E28,CAF1,H3,200,15,false
E29,CAF1,H1,240,15,false
E30,CAF1,CE,230,15,false
E31,CAF2,G2,210,20,false
E32,CAF2,PAR2,160,20,false
E33,G2,PAR2,140,20,false
E34,PAR2,H4,180,15,false
E35,H4,H3,180,15,false
E36,H3,H1,180,15,false
E37,H1,H2,180,15,false
E38,H2,G4,200,20,false
E39,H2,STD,140,15,false
E40,STD,GYM,180,15,false
E41,SPO,GYM,140,15,false
E42,GYM,POOL,160,15,false
E43,POOL,G4,100,20,false
E44,G3,SPO,220,25,false
E45,LIB,LHC,210,15,false
